address,BikeParking,BusinessAcceptsCreditCards,Caters,CoatCheck,GoodForKids,HappyHour,HasTV,OutdoorSeating,RestaurantsDelivery,RestaurantsGoodForGroups,RestaurantsReservations,RestaurantsTableService,RestaurantsTakeOut,WheelchairAccessible,business_id,categories,city,Friday,Monday,Saturday,Sunday,Thursday,Tuesday,Wednesday,latitude,longitude,name,neighborhood,postal_code,review_count,stars,state,ambience_romantic,ambience_intimate,ambience_classy,ambience_hipster,ambience_touristy,ambience_trendy,ambience_upscale,ambience_casual,good_for_dessert,good_for_latenight,good_for_lunch,good_for_dinner,good_for_breakfast,good_for_brunch,parking_garage,parking_street,parking_validated,parking_lot,parking_valet,TotalOpenTimeInWeek,NumberOfWeekdaysWithEarlyOpening,NumberOfWeekdaysWithLateClosing,OpenOnWeekends,bestnight_monday,bestnight_tuesday,bestnight_wednesday,bestnight_thursday,bestnight_friday,bestnight_saturday,bestnight_sunday,music_dj,music_background_music,music_no_music,music_karaoke,music_live,music_video,music_jukebox,full_bar,beer_and_wine,no_alcohol,smoking_outdoor,smoking_no,smoking_yes,wifi_free,wifi_no,wifi_paid,noise_average,noise_loud,noise_quiet,noise_very_loud,price_range_1,price_range_2,price_range_3,price_range_4,attire_casual,attire_dressy,negative_reviews,neutral_reviews,positive_reviews
972 College Street W,,,True,,False,,False,False,False,True,True,,False,True,3YKV1eralyrKQqoWOTJMDA,"Italian, Restaurants",Toronto,17:30-0:0,,17:30-0:0,,17:30-23:0,17:30-23:0,17:30-23:0,43.6535007,-79.42760899999999,Giulietta,Dufferin Grove,M6H 1A5,12,4.5,ON,False,False,False,False,False,False,False,False,,,,,,,False,True,False,False,False,,,,,,,,,,,,,,,,,,,True,False,False,False,False,False,True,False,False,False,False,False,False,False,False,True,False,False,False,1.0,,11.0
27 Yorkville Avenue,,True,False,,False,,False,True,False,True,True,True,True,True,tgjbQEtZ_bvQBJOlfiK1OA,"Mediterranean, Middle Eastern, Italian, Restaurants",Toronto,17:0-23:0,17:0-22:0,17:0-23:0,17:0-22:0,17:0-22:0,17:0-22:0,17:0-22:0,43.6715509,-79.3888742,Mideastro Yorkville,Yorkville,M4W 1L4,28,3.5,ON,False,True,False,False,False,False,False,False,False,False,False,True,False,False,False,False,False,True,False,1 days 13:00:00.000000000,0.0,5.0,2.0,,,,,,,,,,,,,,,True,False,False,False,False,False,True,False,False,False,False,True,False,False,False,True,False,False,True,8.0,1.0,19.0
133 Yorkville Avenue,False,True,False,True,False,True,False,True,False,True,True,True,False,False,S5bNE4Pmin8OQUMOFod8bQ,"Bars, Italian, Restaurants, Nightlife, Wine Bars",Toronto,11:30-2:0,11:30-0:0,11:30-2:0,11:30-0:0,11:30-2:0,11:30-0:0,11:30-0:0,43.670475399999994,-79.3936453,Ciao Wine Bar,Yorkville,M5R 1C4,122,3.0,ON,False,False,False,False,False,True,False,False,False,False,False,True,False,False,True,True,False,False,True,3 days 21:30:00.000000000,0.0,5.0,2.0,False,False,False,False,True,True,True,False,True,False,False,False,False,False,True,False,False,False,True,False,False,True,False,True,False,False,False,False,False,True,False,False,True,23.0,15.0,84.0
1378 Yonge Street,,True,,,True,,False,True,True,True,True,True,True,,0rMFhLzeq3Z2OaJ62MQXlw,"Italian, Restaurants",Toronto,,,,,,,,43.6862465,-79.39356140000001,Spiga Ristorante,Yonge and St. Clair,M4T 1Y5,12,4.0,ON,False,False,False,False,False,False,False,False,False,False,False,False,False,False,False,False,False,False,False,,,,,,,,,,,,,,,,,,,True,False,False,False,False,False,False,True,False,True,False,False,False,False,False,True,False,True,False,1.0,2.0,9.0
2777 Steeles Avenue W,False,True,True,,True,,True,False,False,True,True,True,True,True,Xfp4-gMS2HZhISIxw5HnvA,"Canadian (New), Italian, Restaurants",Toronto,11:30-22:30,11:30-15:0,11:30-22:30,,11:30-21:0,11:30-21:0,11:30-21:0,43.7821596,-79.4904296,La Risata Ristorante,,M3J 3K5,16,3.0,ON,False,False,False,False,False,False,False,False,False,False,True,False,False,False,False,False,False,True,False,,0.0,4.0,,,,,,,,,,,,,,,,True,False,False,False,False,False,True,False,False,True,False,False,False,False,False,True,False,True,False,4.0,2.0,10.0
37 Elm Street,False,True,False,,False,,False,True,False,True,True,True,True,False,Q4RSmF0s-AkaegrLFCLEbg,"Seafood, Italian, Restaurants",Toronto,16:30-0:0,16:30-23:0,16:30-0:0,,16:30-23:0,16:30-23:0,16:30-23:0,43.657425,-79.38347399999999,Donatello Restaurant,Downtown Core,M5G 1H1,125,4.0,ON,False,True,True,False,False,False,False,False,False,False,False,True,False,False,False,True,False,False,False,,0.0,5.0,,,,,,,,,,,,,,,,True,False,False,False,False,False,False,True,False,True,False,False,False,False,False,True,False,False,True,11.0,9.0,105.0
2088 Yonge Street,True,True,True,,True,,True,True,False,True,True,True,True,,wVc3g-YfyDvkOLDecpr4DA,"Canadian (New), American (New), Restaurants, Italian",Toronto,17:0-23:0,17:0-23:0,17:0-23:0,,17:0-23:0,17:0-23:0,17:0-23:0,43.702215268900005,-79.397614373,Five Doors North,Mount Pleasant and Davisville,M4S 2A3,105,4.0,ON,False,False,False,False,False,False,False,False,False,False,False,True,False,False,False,True,False,True,False,,0.0,5.0,,,,,,,,,,,,,,,,True,False,False,False,False,False,True,False,False,False,True,False,False,False,False,True,False,True,False,10.0,8.0,87.0
41 Clinton St,True,True,,,False,,False,True,False,True,True,True,False,True,k4PFaATcPO0tvTetNbdm8Q,"Caterers, Italian, Restaurants, Event Planning & Services",Toronto,18:0-23:0,18:0-23:0,18:0-23:0,,18:0-23:0,18:0-23:0,18:0-23:0,43.6553284,-79.4137911,Trattoria Giancarlo,Little Italy,M6J 2N9,30,3.5,ON,False,False,False,False,False,False,False,False,False,False,False,False,False,False,False,True,False,False,False,,0.0,5.0,,,,,,,,,,,,,,,,True,False,False,False,False,False,False,True,False,True,False,False,False,False,False,True,False,True,False,4.0,3.0,23.0
296 Brunswick Avenue,,True,,True,,,True,True,False,,True,True,,,B_eq-9vINgR0m1PwgUp5aw,"Italian, Nightlife, Restaurants",Toronto,11:0-2:0,11:0-2:0,9:0-2:0,9:0-15:30,11:0-2:0,11:0-2:0,11:0-2:0,43.665449100000004,-79.4078992,The Annex Live,,M5S,3,3.0,ON,,,,,,,,,False,False,False,False,False,False,False,True,False,False,False,4 days 02:30:00.000000000,0.0,5.0,2.0,,,,,,,,False,False,False,False,True,False,False,True,False,False,True,False,False,True,False,False,False,False,False,False,False,False,True,False,False,False,,,3.0
137 Avenue Rd,,True,,,False,,True,True,,True,True,True,True,True,I1Y_Nal9YsnSPvvXb47Ofw,"Italian, Seafood, Restaurants",Toronto,12:0-2:30,17:0-0:0,17:0-1:0,,12:0-2:30,12:0-2:30,12:0-2:30,43.6739721,-79.3960984,Vittorio's On Avenue,,M5R 1V2,10,3.0,ON,False,False,False,False,False,False,False,False,False,False,False,True,False,False,False,False,False,False,False,,0.0,5.0,,,,,,,,,,,,,,,,True,False,False,False,False,False,False,False,False,True,False,False,False,False,False,True,False,False,True,,1.0,9.0
295 Adelaide St W,True,True,False,,False,,False,True,False,True,True,True,True,,s7Pj1mNYqRTGNOXLOiBafw,"Restaurants, Italian",Toronto,,,,,,,,43.64766289999999,-79.3904187,Figo,Entertainment District,M5V 1P7,173,3.5,ON,False,False,True,False,False,True,False,False,False,False,False,True,False,False,False,True,False,False,False,,,,,,,,,,,,,,,,,,,True,False,False,False,False,False,False,True,False,True,False,False,False,False,False,True,False,True,False,19.0,22.0,133.0
2472 Yonge Street,False,True,,,True,,True,False,False,True,True,True,False,,0XZkaHXjxHAhJc_jPtoJCA,"Restaurants, Italian",Toronto,17:0-2:0,17:0-2:0,17:0-2:0,,17:0-2:0,17:0-2:0,17:0-2:0,43.7114497,-79.3995315,Vita Sociale,Yonge and Eglinton,M4P 2H5,25,2.0,ON,False,False,False,False,False,False,False,False,False,False,False,False,False,False,False,True,False,False,False,,0.0,5.0,,,,,,,,,,,,,,,,True,False,False,False,False,False,False,True,False,True,False,False,False,False,False,True,False,True,False,8.0,5.0,12.0
690 The Queensway,False,True,,,False,,True,False,False,True,True,True,False,,rxr0kjcVwX22QI2Hq5iA4w,"Restaurants, Italian",Toronto,17:0-23:0,,17:0-23:0,17:0-23:0,17:0-23:0,17:0-23:0,17:0-23:0,43.627036,-79.499418,Grappa Restaurant,Etobicoke,M8Y 1K8,21,3.5,ON,False,False,False,False,False,False,False,False,False,False,False,False,False,False,False,False,False,False,False,,,,2.0,,,,,,,,,,,,,,,True,False,False,False,False,False,False,False,False,True,False,False,False,False,False,True,False,False,True,3.0,4.0,14.0
1552 Avenue Road,,True,,,True,,False,False,False,True,True,True,False,,KkRUprt06Jg8ANLIQLPijQ,"Italian, Restaurants",Toronto,,,,,,,,43.7233315,-79.416353,La Cascina,,M5M 3X5,14,4.0,ON,False,True,False,False,False,False,False,False,False,False,False,False,False,False,False,False,False,False,False,,,,,,,,,,,,,,,,,,,True,False,False,False,False,False,False,True,False,False,False,True,False,False,False,True,False,False,True,2.0,1.0,11.0
"1 Harbour Square, 38th Floor",False,True,True,,False,,False,False,False,True,True,True,True,,jluEI1ZDQDeJlbl-M3YH3Q,"Nightlife, Bars, Wine Bars, Italian, Food, Restaurants, Beer, Wine & Spirits",Toronto,17:0-23:0,17:0-22:30,17:0-23:0,17:0-22:30,17:0-22:30,17:0-22:30,17:0-22:30,43.6408581,-79.37707900000001,Toula Restaurant & Bar,Harbourfront,M5J 1A6,188,2.0,ON,False,False,False,False,False,False,False,False,False,False,False,True,False,False,False,False,False,False,True,1 days 15:30:00.000000000,0.0,5.0,2.0,,,,,,,,,,,,,,,True,False,False,False,False,False,False,True,False,True,False,False,False,False,False,True,False,False,True,53.0,25.0,110.0
45 Elm Street,True,True,True,,False,,False,False,False,True,True,True,True,False,yEgnxd3aUUgUoG7qJiuDlQ,"Italian, Seafood, Mediterranean, Restaurants",Toronto,17:30-22:0,17:30-22:0,17:30-22:0,,17:30-22:0,17:30-22:0,17:30-22:0,43.6573002,-79.3838275,Oro Restaurant,Downtown Core,M5G 1H1,47,4.0,ON,False,False,True,False,False,False,False,False,False,False,False,True,False,False,False,True,False,False,False,,0.0,5.0,,,,,,,,,,,,,,,,True,False,False,False,False,False,False,True,False,False,False,True,False,False,False,True,False,False,True,5.0,6.0,36.0
865 York Mills Road,True,,,,True,,True,True,False,True,True,True,True,True,6I715CbaGgu1Wu16ahmm8A,"Restaurants, Mediterranean, Italian",Toronto,11:0-23:0,11:0-22:30,11:0-23:0,11:0-22:30,11:0-22:30,11:0-22:30,11:0-22:30,43.754740710600004,-79.3497137725,Cucina 865,,M3B 1Y6,16,3.5,ON,False,False,False,False,False,False,False,False,False,False,False,False,False,False,True,False,False,True,False,3 days 09:30:00.000000000,0.0,5.0,2.0,,,,,,,,,,,,,,,True,False,False,False,False,False,True,False,False,False,False,False,True,False,False,True,False,True,False,1.0,2.0,13.0
137 Avenue Road,True,True,,,True,,True,False,False,True,True,True,False,,PmLFk1s8pPVNXChqETM4MA,"Event Planning & Services, Restaurants, Caterers, Italian",Toronto,16:0-2:0,16:0-2:0,16:0-2:0,16:0-2:0,16:0-2:0,16:0-2:0,16:0-2:0,43.6739132,-79.3962418,Coco Lezzone,The Annex,M5R 2H4,17,3.5,ON,False,False,False,False,False,False,False,False,False,False,False,False,False,False,,,,,,2 days 22:00:00.000000000,0.0,5.0,2.0,,,,,,,,,,,,,,,True,False,False,False,False,False,True,False,False,True,False,False,False,False,False,True,False,True,False,3.0,1.0,13.0
36A Prince Arthur Avenue,True,True,,,False,,False,True,False,True,True,True,True,,OJ6zfenoK-eBNI7vvNrOsg,"Restaurants, Italian",Toronto,17:30-23:0,17:30-22:30,17:30-23:0,,17:30-22:30,17:30-22:30,17:30-22:30,43.669540600000005,-79.3973027,Fieramosca,The Annex,M5R 1A9,77,4.0,ON,True,True,False,False,False,False,False,False,False,False,False,True,False,False,False,False,False,False,False,,0.0,5.0,,,,,,,,,,,,,,,,True,False,False,False,False,False,False,True,False,False,False,True,False,False,False,True,False,False,True,7.0,3.0,67.0
116 Avenue Road,True,True,True,,False,,False,False,False,True,True,True,False,False,7Uti5EeAwm3drG14KVrE3Q,"Restaurants, Italian",Toronto,17:0-23:0,17:0-23:0,17:0-23:0,17:0-23:0,17:0-23:0,17:0-23:0,17:0-23:0,43.67365770000001,-79.3963287,Spuntini Restaurant & Bar,The Annex,M5R 2H4,75,4.0,ON,False,True,False,False,False,False,False,False,False,False,False,True,False,False,False,True,False,False,False,1 days 18:00:00.000000000,0.0,5.0,2.0,,,,,,,,,,,,,,,True,False,False,False,False,False,False,True,False,False,True,False,False,False,False,True,False,False,True,6.0,10.0,59.0
2015 Avenue Road,True,True,True,True,True,False,True,True,False,True,True,True,True,True,ct-giKPfU5KqDSZPblIPiQ,"Nightlife, Wine Bars, Italian, Bars, French, Restaurants, American (Traditional)",Toronto,17:0-22:0,,16:30-22:30,17:0-22:0,17:0-22:0,17:0-22:0,17:0-22:0,43.7354671,-79.41977879999999,Left Bank Grill & Wine Bar,,M5M 4A5,4,3.0,ON,False,False,False,False,False,False,False,False,False,False,False,False,False,False,False,True,False,False,False,,,,2.0,,,,,,,,False,True,False,False,False,False,False,True,False,False,False,True,False,False,False,False,True,False,False,False,False,False,True,False,True,False,1.0,,3.0
12 Cumberland Street,,True,,False,False,,True,False,,True,True,True,True,,J0ET9_Zvh10E02BrEN74iw,"Lounges, Nightlife, Bars, Italian, Restaurants",Toronto,11:0-23:0,9:0-22:0,17:0-23:0,,11:0-23:0,11:30-22:0,11:30-22:0,43.671077000000004,-79.3879681,Fortuna Ristorante & Lounge,Yorkville,M4W 1J5,18,3.5,ON,False,False,True,False,False,False,False,False,False,False,True,True,False,False,False,True,False,False,False,,0.0,5.0,,False,False,False,True,False,False,False,False,False,False,False,False,False,False,True,False,False,True,False,False,True,False,False,True,False,False,False,False,False,True,False,False,True,3.0,2.0,13.0
133 Yorkville Avenue,True,True,True,False,False,True,False,False,False,True,True,True,False,,7ZBh-3wWVQ5zkd6KZytW0g,"Restaurants, Nightlife, Italian, Wine Bars, Mediterranean, Bars",Toronto,11:30-2:0,11:30-0:0,11:30-2:0,11:30-0:0,11:30-2:0,11:30-0:0,11:30-0:0,43.670462,-79.3935696,Cibo Wine Bar,Yorkville,M5R 1C4,108,3.0,ON,False,False,True,False,False,False,False,False,False,False,False,True,False,True,False,False,False,False,False,3 days 21:30:00.000000000,0.0,5.0,2.0,False,False,False,True,True,True,False,False,True,False,False,False,False,False,True,False,False,False,True,False,False,True,False,True,False,False,False,False,False,True,False,False,True,19.0,14.0,75.0
1060 Eglinton Avenue W,True,True,,,False,,False,False,False,True,True,True,True,True,y1AM7MeCN3HaS7SHnxcBfQ,"Italian, Restaurants",Toronto,17:0-23:0,17:0-23:0,17:0-23:0,17:0-23:0,17:0-23:0,17:0-23:0,17:0-23:0,43.7001105,-79.4307194,Il Mulino,,M6C 2C5,59,4.0,ON,True,False,False,False,False,False,False,False,False,False,False,True,False,False,False,True,False,False,False,1 days 18:00:00.000000000,0.0,5.0,2.0,,,,,,,,,,,,,,,True,False,False,False,False,False,False,True,False,True,False,False,False,False,False,True,False,False,True,5.0,4.0,50.0
145 King Street W,True,True,False,,False,,True,True,False,True,True,True,False,,A4aqz0pfgMX-votNbSZQDA,"Restaurants, Italian",Toronto,17:0-22:30,17:0-22:30,,,17:0-22:30,17:0-22:30,17:0-22:30,43.647468599999996,-79.3841931,Modus Ristorante,Financial District,M5H 4G2,20,3.5,ON,False,False,False,False,False,False,False,False,False,False,False,True,False,False,False,False,False,False,False,,0.0,5.0,,,,,,,,,,,,,,,,True,False,False,False,False,False,False,True,False,True,False,False,False,False,False,True,False,False,True,2.0,3.0,15.0
602 College Street,,True,,,False,,,True,,True,True,True,,False,ihKI3k-fnzKERzKq3KOsxA,"Italian, Restaurants",Toronto,16:0-2:0,16:0-2:0,16:0-2:0,16:0-2:0,16:0-2:0,16:0-2:0,16:0-2:0,43.655264,-79.41424190000001,Coco Lezzone Resto & Bar,Little Italy,M6G 1B4,23,3.0,ON,False,False,False,False,False,False,False,False,False,False,False,True,False,False,False,True,False,False,False,2 days 22:00:00.000000000,0.0,5.0,2.0,,,,,,,,,,,,,,,True,False,False,False,False,False,False,False,False,False,False,True,False,False,False,True,False,False,True,3.0,2.0,18.0
514 Eglinton Ave W,,True,,,True,,False,False,False,False,True,True,True,,FDxnnImJ-Q0CXRwGVJ1gig,"Restaurants, Italian",Toronto,,,,,,,,43.7036821,-79.4135891,Green Eggplant Restaurant,,M5N 1A5,11,4.0,ON,False,False,False,False,False,False,False,False,False,False,False,False,False,False,False,False,False,False,False,,,,,,,,,,,,,,,,,,,False,False,False,False,False,False,False,True,False,False,False,True,False,False,False,True,False,True,False,2.0,2.0,7.0
335 King Street W,,True,,,False,,False,True,False,True,True,True,False,True,3q8MtOEIJ6nC7kVv_8Mfgw,"Italian, Restaurants",Toronto,,,,,,,,43.6461617,-79.39126590000001,Verona Restaurant,Entertainment District,M5V 1J5,25,3.0,ON,False,False,False,False,False,False,False,False,False,False,False,True,False,False,False,True,False,False,False,,,,,,,,,,,,,,,,,,,True,False,False,False,False,False,False,True,False,True,False,False,False,False,False,True,False,False,True,5.0,3.0,17.0
944 Eglinton Ave W,False,True,False,,True,,False,False,True,False,False,False,True,,m9tH7h2sKkyWMdTbBYej9g,"Pizza, Sandwiches, Italian, Restaurants",Toronto,11:0-0:0,11:0-23:0,11:0-0:0,11:0-23:0,11:0-23:0,11:0-23:0,11:0-23:0,43.7005602,-79.42860959999999,Mamma's Pizza,,M6C 2C2,5,1.5,ON,False,False,False,False,False,False,False,False,False,False,False,False,False,False,,,,,,3 days 14:00:00.000000000,0.0,5.0,2.0,,,,,,,,,,,,,,,False,False,False,False,False,False,False,True,False,False,False,False,True,False,False,True,False,True,False,3.0,1.0,1.0
127 Strachan Avenue,True,True,False,,False,,False,True,False,True,True,True,False,True,YKbJP76PSTRXqTU_GNKoeQ,"Italian, Canadian (New), Restaurants, American (New)",Toronto,,,,,,,,43.6433151,-79.4120547,Politica Resto Bar,Niagara,M6J 2S7,19,3.5,ON,False,True,False,False,False,False,False,False,False,False,False,True,False,False,False,True,False,False,False,,,,,,,,,,,,,,,,,,,True,False,False,False,False,False,False,True,False,True,False,False,False,False,False,True,False,True,False,3.0,,16.0
1095 Yonge Street,True,True,False,,True,,False,True,False,True,True,True,True,True,XD0LjNuPPwJPsTAHecUh7A,"Restaurants, Italian",Toronto,11:30-23:0,11:30-22:0,11:30-23:0,11:30-22:0,11:30-23:0,11:30-22:0,11:30-22:0,43.6800112831,-79.3905191479,Terroni,Rosedale,M4W 2L8,207,3.0,ON,False,False,False,False,False,True,False,False,False,False,False,True,False,False,False,True,False,False,False,3 days 04:30:00.000000000,0.0,5.0,2.0,,,,,,,,,,,,,,,True,False,False,False,False,False,False,True,False,True,False,False,False,False,False,True,False,True,False,48.0,20.0,139.0
95 King Street E,False,True,,True,,False,True,False,,True,True,,,False,6l5ES0YHypA-JCk7naGBjg,"Italian, Restaurants, Bars, Lounges, Nightlife, Cocktail Bars",Toronto,11:0-21:0,,15:0-21:0,,11:0-21:0,11:0-21:0,11:0-21:0,43.649733197299994,-79.3748815366,Troika Vodka Boutique,St. Lawrence,M5C 1G3,5,3.5,ON,False,False,False,False,False,False,False,False,,,,,,,False,True,False,False,False,,,,,False,False,False,True,True,True,False,True,False,False,False,False,False,False,True,False,False,False,True,False,False,True,False,False,True,False,False,False,False,True,False,False,False,1.0,,4.0
3157 Dufferin Street,,True,True,,True,,,False,True,True,True,True,True,True,S7HAX9CfBs_pUPHO6jb1Uw,"Seafood, Caterers, Italian, Event Planning & Services, Restaurants",Toronto,11:0-22:0,11:0-21:0,11:0-22:30,,11:0-22:0,11:0-21:0,11:0-21:0,43.717259000000006,-79.455426,Mirra's Place,,M6A 2S9,4,3.5,ON,False,False,False,False,False,False,False,False,False,False,False,False,False,False,False,False,False,True,False,,0.0,5.0,,,,,,,,,,,,,,,,True,False,False,False,False,False,True,False,False,False,False,True,False,False,False,True,False,False,True,,,4.0
613 College Street,True,True,False,,False,,False,True,False,True,True,True,True,True,_K03oh0gftzge5y-dku-6A,"Restaurants, Italian",Toronto,17:0-0:0,17:0-22:0,17:0-0:0,17:0-22:0,17:0-22:0,17:0-22:0,17:0-22:0,43.654906,-79.41456120000001,La Forchetta,Little Italy,M6G,41,3.5,ON,False,True,False,False,False,False,False,False,False,False,False,True,False,False,False,True,False,False,False,1 days 15:00:00.000000000,0.0,5.0,2.0,,,,,,,,,,,,,,,True,False,False,False,False,False,True,False,False,True,False,False,False,False,False,True,False,True,False,6.0,4.0,31.0
156 Cumberland Street,True,True,,,True,,True,False,True,True,True,True,True,,5nie8WoCB-MpEYT5uE6t4A,"Italian, Restaurants",Toronto,,,,,,,,43.669941200000004,-79.3933271,Toni Bulloni,Yorkville,M5R 1A8,31,3.5,ON,False,False,False,False,False,False,False,True,False,False,False,False,False,False,False,False,False,False,False,,,,,,,,,,,,,,,,,,,True,False,False,False,False,False,False,True,False,True,False,False,False,False,False,True,False,True,False,4.0,5.0,22.0
2459 Yonge St,,True,False,,False,,False,True,False,False,True,True,True,False,l09JfMeQ6ynYs5MCJtrcmQ,"French, Italian, Restaurants",Toronto,9:0-22:0,9:0-22:0,9:0-22:0,9:0-22:0,9:0-22:0,9:0-22:0,9:0-22:0,43.7113993,-79.3993388,Alize Catering,Yonge and Eglinton,M4P 2H6,12,3.0,ON,True,False,False,False,False,False,False,False,False,False,False,True,False,False,False,True,False,False,False,3 days 19:00:00.000000000,0.0,5.0,2.0,,,,,,,,,,,,,,,True,False,False,False,False,False,False,True,False,True,False,False,False,False,False,True,False,True,False,1.0,1.0,10.0
"Brookfield Place Mall, 181 Bay Street",,True,True,,,,True,False,True,True,True,True,True,,NBMCSTtayMJJisWSZ6WuwA,"Italian, Restaurants",Toronto,7:0-0:0,7:0-23:0,11:0-0:0,,7:0-23:0,7:0-23:0,7:0-23:0,43.6472077,-79.3793812,Obikà Mozzarella Bar,Downtown Core,M5J 2T3,24,3.0,ON,False,False,False,False,False,True,False,False,False,False,False,True,False,False,False,False,False,False,False,,5.0,5.0,,,,,,,,,,,,,,,,True,False,False,False,False,False,False,True,False,True,False,False,False,False,False,True,False,True,False,3.0,6.0,15.0
53 Scollard Street,False,True,False,,False,,False,False,False,True,True,True,False,True,z8H4Mdzl4jS9pYswj6Jf9w,"Breakfast & Brunch, Restaurants, Italian, Seafood",Toronto,11:30-23:0,11:30-22:0,10:30-23:0,10:30-22:0,11:30-23:0,11:30-22:0,11:30-22:0,43.6721423,-79.3893921,Buca Yorkville,Yorkville,M5R 0A1,146,3.5,ON,False,False,False,False,False,True,True,False,False,False,False,True,False,False,True,False,False,False,False,3 days 06:30:00.000000000,0.0,5.0,2.0,,,,,,,,,,,,,,,True,False,False,False,False,False,False,True,False,False,True,False,False,False,False,True,False,False,True,15.0,13.0,118.0
134 Avenue Road,False,True,False,,False,,False,False,False,True,True,True,True,True,sa1ZAswk7kEQfg9Mb6iQwQ,"Restaurants, Italian",Toronto,17:30-23:0,17:30-22:0,17:30-23:0,,17:30-22:0,17:30-22:0,17:30-22:0,43.6743735,-79.3967073,L'Unita,The Annex,M5R 2H6,103,4.5,ON,True,False,False,False,False,False,False,False,False,False,False,True,False,False,False,True,False,False,False,,0.0,5.0,,,,,,,,,,,,,,,,True,False,False,False,False,False,False,True,False,True,False,False,False,False,False,True,False,True,False,2.0,11.0,90.0
270 Bloor Street W,True,True,True,,False,,False,True,False,True,True,True,True,True,MUjlAtBNJR--7ai5pITbMg,"Restaurants, Italian, Coffee & Tea, Food",Toronto,11:30-23:0,11:30-23:0,17:30-23:0,,11:30-23:0,11:30-23:0,11:30-23:0,43.667481770600006,-79.4006463811,Bar Mercurio,The Annex,M5S 1V8,37,3.0,ON,False,False,False,False,False,True,False,False,False,False,False,True,False,False,True,True,False,False,False,,0.0,5.0,,,,,,,,,,,,,,,,True,False,False,False,False,False,False,True,False,True,False,False,False,False,False,True,False,True,False,9.0,2.0,26.0
2472 Yonge Street,True,True,False,True,False,True,True,True,False,True,True,True,True,True,WNnkyVvBfY1vTqiqSufZQA,"Bars, Italian, Nightlife, Wine Bars, Restaurants",Toronto,11:30-2:0,11:30-0:0,11:30-2:0,11:30-0:0,11:30-2:0,11:30-0:0,11:30-0:0,43.7114211,-79.399363,Cibo Wine Bar,Yonge and Eglinton,M4P 2H5,120,3.0,ON,False,False,False,False,False,True,False,False,False,False,False,True,False,False,False,True,False,True,False,3 days 21:30:00.000000000,0.0,5.0,2.0,False,False,False,False,True,True,False,False,True,False,False,False,False,False,True,False,False,True,False,False,False,True,False,True,False,False,False,False,False,True,False,True,False,20.0,15.0,85.0
625 Queen Street E,True,True,True,,True,,False,True,False,True,True,True,True,True,FOzChvW-f6mp0BGbrS-ywQ,"Italian, Restaurants",Toronto,11:30-14:30,17:0-22:0,17:0-23:0,17:0-21:0,11:30-14:30,11:30-14:30,11:30-14:30,43.657894399999996,-79.35292209999999,Il Ponte Cucina Italiana,Riverdale,M4M 1G7,40,4.0,ON,False,False,False,False,False,False,False,False,False,False,False,True,False,False,False,True,False,False,False,1 days 03:00:00.000000000,0.0,1.0,2.0,,,,,,,,,,,,,,,True,False,False,False,False,False,True,False,False,True,False,False,False,False,False,True,False,True,False,4.0,2.0,34.0
3363 Yonge St,,True,,,False,,False,False,False,True,True,True,False,,-w2WaIQWPH4iNeJz7IZKDw,"Italian, Restaurants",Toronto,,,,,,,,43.731676799999995,-79.40354559999999,Coppi Ristorante,,M4N 2M6,25,3.5,ON,True,False,False,False,False,False,False,False,False,False,False,False,False,False,False,True,False,False,False,,,,,,,,,,,,,,,,,,,True,False,False,False,False,False,False,True,False,True,False,False,False,False,False,True,False,False,True,5.0,1.0,19.0
1144 Eglinton Avenue  W,True,,True,,,,False,True,True,,True,True,True,True,pnNbaEYMRvR4HPkbR7qn6g,"Restaurants, Seafood, Pizza, Italian",Toronto,17:0-21:0,11:30-14:0,17:0-21:0,17:0-21:0,17:0-21:0,11:30-14:0,17:0-21:0,43.69964829999999,-79.432514,Terra & Mare,,M6C 2E2,8,3.5,ON,,,,,,,,,False,False,False,False,False,False,False,True,False,False,False,1 days 01:00:00.000000000,0.0,3.0,2.0,,,,,,,,,,,,,,,True,False,False,False,False,False,True,False,False,False,False,False,False,False,False,True,False,False,False,2.0,1.0,5.0
901 Bloor Street W,False,,,,True,,False,False,False,True,True,True,False,,SLCz2CaXXHJefrB942486w,"Tapas Bars, Italian, Restaurants, Pizza",Toronto,17:0-0:0,17:0-23:0,17:0-0:0,17:0-23:0,17:0-23:0,17:0-23:0,17:0-23:0,43.6617522,-79.4262935,Chicago Don,Dovercourt,M6H 1L2,10,3.0,ON,False,False,False,False,False,False,False,False,False,False,False,False,False,False,False,False,False,False,False,1 days 20:00:00.000000000,0.0,5.0,2.0,,,,,,,,,,,,,,,True,False,False,False,False,False,False,False,False,True,False,False,False,False,False,True,False,True,False,2.0,,8.0
651 College Street,,True,,,False,,,,False,True,True,True,True,,0O3H5plJx-Cq2A80qFVW5w,"Restaurants, American (New), Italian, Canadian (New)",Toronto,18:0-23:30,9:0-17:0,11:30-15:0,11:30-15:0,18:0-23:30,18:0-23:0,18:0-23:30,43.6549862,-79.4159745,LAB,Little Italy,M6G 1B7,17,4.0,ON,False,False,False,False,False,False,False,False,False,False,False,True,False,False,False,False,False,False,False,1 days 12:30:00.000000000,0.0,4.0,2.0,,,,,,,,,,,,,,,True,False,False,False,False,False,False,False,False,False,False,False,False,False,False,True,False,True,False,,,17.0
1144 Eglinton Avenue W,True,True,,,False,,False,False,False,True,True,True,,,WsJrIGGGo3qqrpneFeHx8g,"Restaurants, Italian",Toronto,,,,,,,,43.69964829999999,-79.432514,Sabatino's Ristorante,,M6C 2E2,15,3.5,ON,False,True,False,False,False,False,False,False,False,False,False,False,False,False,False,True,False,False,False,,,,,,,,,,,,,,,,,,,True,False,False,False,False,False,False,True,False,True,False,False,False,False,False,True,False,False,True,1.0,5.0,9.0
148 Yorkville Avenue,False,True,False,,False,,True,True,False,True,True,True,True,True,fWhs5KYwHcRFKmJ5siNNdA,"Italian, Restaurants",Toronto,17:30-23:0,17:30-23:0,17:30-23:0,17:30-23:0,17:30-23:0,17:30-23:0,17:30-23:0,43.6705216,-79.3947429,Il Posto,The Annex,M5R 1C2,19,3.0,ON,False,False,False,False,False,False,False,False,False,False,False,True,False,False,False,True,False,False,False,1 days 14:30:00.000000000,0.0,5.0,2.0,,,,,,,,,,,,,,,True,False,False,False,False,False,True,False,False,False,False,True,False,False,False,True,False,False,True,5.0,2.0,12.0
1975a Queen Street E,True,,,,False,,False,True,False,True,True,True,True,False,jEqsHSLzQraqG1qaMNjsBA,"Italian, Restaurants",Toronto,17:0-22:0,17:0-22:0,11:0-16:0,11:0-16:0,17:0-22:0,17:0-22:0,17:0-22:0,43.6697445897,-79.3006072193,La Sala Restaurant,The Beach,M4L 1J1,23,4.5,ON,False,True,False,False,False,False,False,False,False,False,False,True,False,False,False,False,False,False,False,1 days 11:00:00.000000000,0.0,5.0,2.0,,,,,,,,,,,,,,,True,False,False,False,False,False,True,False,False,False,False,True,False,False,False,True,False,True,False,4.0,1.0,18.0
1090 Queen Street W,True,True,False,True,False,True,True,True,False,True,True,True,True,False,QGUeajuwtOSegh7JbrbuXA,"Bars, Arts & Entertainment, Nightlife, Music Venues, Restaurants, Italian",Toronto,17:0-2:0,17:0-22:0,17:0-2:0,,17:0-23:0,17:0-22:0,17:0-22:0,43.6435217,-79.4223131,Church Aperitivo Bar,Beaconsfield Village,M6J 1H7,39,3.5,ON,False,False,False,False,False,True,False,False,False,False,False,True,False,False,False,True,False,False,False,,0.0,5.0,,False,False,False,True,True,True,False,True,False,False,False,False,False,False,True,False,False,True,False,False,True,False,False,True,False,False,False,False,False,True,False,False,True,5.0,5.0,29.0
101 Yorkville Ave,,True,,,True,,False,False,False,True,True,True,,,8E6Cu9E0gCg6FgffWXl8mA,"Restaurants, Italian",Toronto,,,,,,,,43.6707617,-79.3924323,Bellini's Ristorante,Yorkville,M5R 1C1,9,4.0,ON,False,False,False,False,False,False,False,False,False,False,False,False,False,False,False,False,False,False,False,,,,,,,,,,,,,,,,,,,True,False,False,False,False,False,False,True,False,False,False,True,False,False,False,True,False,False,True,1.0,1.0,7.0
73 King Street E,False,True,,,False,,False,False,False,True,True,True,True,True,k3fn9JFiNLNy2q5p0cE1kg,"Restaurants, Italian",Toronto,17:0-22:30,17:0-22:30,17:0-23:0,,17:0-22:30,17:0-22:30,17:0-22:30,43.6495816,-79.3753509,Carisma,St. Lawrence,M5C 3J6,147,4.5,ON,True,True,True,False,False,False,False,False,False,False,False,True,False,False,False,True,False,False,False,,0.0,5.0,,,,,,,,,,,,,,,,True,False,False,False,False,False,True,False,False,True,False,False,False,False,False,True,False,False,True,10.0,9.0,128.0
33 Yonge Street,True,True,True,True,False,True,True,True,False,True,True,True,True,True,eQCYur0033RkZdh5VjbF8A,"Breakfast & Brunch, Wine Bars, Nightlife, Bars, Italian, Canadian (New), Sandwiches, Restaurants, American (Traditional)",Toronto,11:30-0:0,11:30-22:0,11:30-0:0,11:30-22:0,11:30-0:0,11:30-22:0,11:30-23:0,43.647189124300006,-79.37679895689999,Oliver & Bonacini Café Grill,St. Lawrence,M5E 1G4,215,3.0,ON,False,False,False,False,False,True,False,False,False,False,True,True,False,False,False,True,True,False,False,3 days 08:30:00.000000000,0.0,5.0,2.0,,,,,,,,False,False,False,False,False,False,False,True,False,False,False,True,False,True,False,False,True,False,False,False,False,False,True,False,True,False,33.0,22.0,160.0
88 Harbord Street,True,,,,True,,False,False,False,True,True,True,False,,5dy8OiWJty9AuxBcBzeBZQ,"Italian, Restaurants, Pizza",Toronto,17:0-23:0,17:0-22:0,17:0-23:0,17:0-22:0,17:0-23:0,17:0-22:0,17:0-22:0,43.6631673,-79.4029775,Piano Piano,,M5S 1G5,128,3.5,ON,False,False,False,False,False,True,False,False,False,False,False,True,False,False,False,True,False,False,False,1 days 14:00:00.000000000,0.0,5.0,2.0,,,,,,,,,,,,,,,True,False,False,False,False,False,False,True,False,True,False,False,False,False,False,True,False,False,True,17.0,7.0,104.0
2343 Queen Street E,True,True,True,,False,,False,True,False,True,True,True,True,False,zIyqiWYKrCvAdGeWXXBxFw,"Restaurants, French, Italian",Toronto,17:0-23:0,17:0-22:0,17:0-23:0,17:0-21:0,17:0-22:0,17:0-22:0,17:0-22:0,43.67221837060001,-79.2897816777,Veloute Bistro & Catering,The Beach,M4E 1H2,25,4.0,ON,False,True,False,False,False,False,False,False,False,False,False,True,False,False,False,True,False,False,False,1 days 12:00:00.000000000,0.0,5.0,2.0,,,,,,,,,,,,,,,True,False,False,False,False,False,True,False,False,True,False,False,False,False,False,True,False,True,False,1.0,4.0,20.0
604 King Street W,False,True,False,,False,,False,False,False,True,True,True,False,False,A7waf6G3cvnLfAqKeLL8DA,"Italian, Restaurants",Toronto,11:30-15:0,11:30-15:0,17:0-23:0,17:0-22:0,11:30-15:0,11:30-15:0,11:30-15:0,43.6445122,-79.4003621,Buca,,M5V 1M6,376,4.0,ON,False,False,False,False,False,False,False,False,False,False,False,True,False,False,False,True,False,False,False,1 days 04:30:00.000000000,0.0,0.0,2.0,,,,,,,,,,,,,,,True,False,False,False,False,False,False,True,False,True,False,False,False,False,False,True,False,False,True,40.0,37.0,299.0
501 College Street,,,,,,,False,True,False,True,True,True,,,uxPTFOMq9srmo54phvy6Xw,"Restaurants, Italian",Toronto,,,,,,,,43.6559425,-79.40978390000001,Briscola,Little Italy,M6G 1A4,8,3.5,ON,False,False,False,False,False,False,False,False,False,False,False,True,False,False,,,,,,,,,,,,,,,,,,,,,,,,True,False,False,False,False,False,False,False,False,False,True,False,False,False,False,True,False,False,False,,1.0,7.0
"Queen's Quay Terminal, 207 Queen's Quay West",,True,,,True,,,True,,False,False,True,False,True,_W-qUlstqSuWZzvIOxTEXw,"Italian, Restaurants",Toronto,11:0-22:0,11:0-22:0,10:30-22:0,10:30-21:0,11:0-22:0,11:0-22:0,11:0-22:0,43.6386403,-79.3806966,Lusso Restaurant,Harbourfront,M5J 1A7,8,3.5,ON,,,,,,,,,False,False,False,False,False,False,,,,,,3 days 05:00:00.000000000,0.0,5.0,2.0,,,,,,,,,,,,,,,True,False,False,False,False,False,False,False,False,False,True,False,False,False,False,True,False,True,False,2.0,,6.0
788 King Street W,True,True,True,True,False,True,False,True,False,True,True,True,True,False,uIuJGLPWli4dbomvANcuiQ,"Italian, Nightlife, Bars, Restaurants, Wine Bars",Toronto,17:0-23:0,17:0-22:30,17:0-23:0,17:0-22:30,17:0-23:0,17:0-22:30,17:0-22:30,43.6434,-79.406627,Ovest Cucina e Vineria,Niagara,M5V 1N6,55,3.5,ON,False,False,False,False,False,False,False,True,False,False,False,True,False,False,False,True,False,False,False,1 days 16:00:00.000000000,0.0,5.0,2.0,,,,,,,,True,False,False,False,False,False,False,True,False,False,True,False,False,False,True,False,True,False,False,False,False,False,True,False,True,False,5.0,4.0,46.0
1560 Yonge Street,,True,,,,,,False,False,True,True,True,,False,wVsyfuWkYs0np4or31_j1w,"Restaurants, Italian",Toronto,,,,,,,,43.6904666632,-79.3951034546,Il Fornello,Yonge and St. Clair,M4T 2S9,5,2.5,ON,,,,,,,,,False,False,False,False,False,False,False,False,False,False,False,,,,,,,,,,,,,,,,,,,False,False,False,False,False,False,False,False,False,False,False,False,False,False,False,True,False,False,False,1.0,,4.0
1792 Danforth Avenue,True,,True,,False,,False,True,False,True,True,True,True,True,ngdC2c9FFkyepjqJRRcLXw,"Mediterranean, Restaurants, Italian, Pizza",Toronto,11:0-22:0,,11:0-22:0,11:0-22:0,11:0-22:0,11:0-22:0,11:0-22:0,43.684561303500004,-79.31884728039999,Trecce,The Danforth,M4C 1H8,7,3.5,ON,False,False,False,False,False,False,False,False,False,False,False,False,False,False,False,True,False,False,False,,,,2.0,,,,,,,,,,,,,,,True,False,False,False,False,False,False,True,False,True,False,False,False,False,False,True,False,False,True,1.0,,6.0
1000 Eglinton Avenue W,False,True,True,,False,,False,True,False,True,True,True,True,,rOyzxtWGekcMBc4aNinZjg,"Restaurants, Italian",Toronto,,,,,,,,43.7003475,-79.4296338,Bistro Grande,,M6C 2C5,8,3.5,ON,False,False,False,False,False,False,False,False,False,False,False,False,False,False,False,True,False,False,False,,,,,,,,,,,,,,,,,,,True,False,False,False,False,False,False,True,False,True,False,False,False,False,False,True,False,True,False,1.0,1.0,6.0
1111 Queen Street E,True,False,False,False,False,False,False,False,False,True,True,True,False,,U3xIe5_9iK95S9HxduOgWw,"Beer, Wine & Spirits, Food, Italian, Restaurants, Bars, Nightlife",Toronto,17:30-23:0,17:30-0:0,17:30-23:0,17:30-22:0,17:30-22:0,17:30-22:0,17:30-22:0,43.662074100000005,-79.3353522,Ascari Enoteca,Leslieville,M4M,89,4.0,ON,False,False,False,False,False,False,False,False,False,False,False,True,False,False,False,True,False,False,False,1 days 11:30:00.000000000,0.0,5.0,2.0,False,True,True,True,False,False,False,False,True,False,False,False,False,False,True,False,False,False,True,False,False,True,False,True,False,False,False,False,False,True,False,True,False,6.0,5.0,78.0
92 Fort York Boulevard,True,True,,,True,,True,True,False,True,True,True,True,,mAhu38hHUQyOatamyQsOww,"Mediterranean, Italian, Restaurants",Toronto,17:0-22:30,17:0-22:30,17:0-22:30,11:0-14:30,17:0-22:30,17:0-22:30,17:0-22:30,43.639867711899996,-79.397012023,Citta,City Place,M5V 0C1,34,3.0,ON,False,False,False,False,False,True,False,False,False,False,False,True,False,False,False,False,False,False,False,1 days 12:30:00.000000000,0.0,5.0,2.0,,,,,,,,,,,,,,,True,False,False,False,False,False,False,True,False,True,False,False,False,False,False,True,False,True,False,9.0,2.0,23.0
333 King Street W,True,True,False,,False,,False,True,False,True,True,True,False,True,6frPvwX14wDH8jju64ewRg,"Italian, Restaurants",Toronto,11:30-0:0,11:30-0:0,11:0-0:0,11:0-0:0,11:30-0:0,11:30-0:0,11:30-0:0,43.646122058500005,-79.3913017135,Paese,Entertainment District,M5V 1J5,52,3.5,ON,False,False,True,False,False,False,False,False,False,False,False,True,False,False,False,True,False,False,False,3 days 16:30:00.000000000,0.0,5.0,2.0,,,,,,,,,,,,,,,True,False,False,False,False,False,True,False,False,True,False,False,False,False,False,True,False,True,False,7.0,4.0,41.0
155 King St E,True,True,True,,True,,False,True,False,True,True,True,True,,OqYZdBUgmId7tZMAVpiFCw,"Italian, Restaurants",Toronto,18:0-22:0,18:0-22:0,18:0-22:0,,18:0-22:0,18:0-22:0,18:0-22:0,43.650184499999995,-79.37225620000001,Biagio Ristorante,St. Lawrence,M5C 1G9,28,4.0,ON,False,False,False,False,False,False,False,False,False,False,False,False,False,False,False,True,False,False,False,,0.0,5.0,,,,,,,,,,,,,,,,True,False,False,False,False,False,False,False,False,True,False,False,False,False,False,True,False,False,True,2.0,2.0,24.0
849 Dundas Street W,,,,,True,,False,False,False,True,True,True,True,,xrA53WYhRCml2bMfpQ_Hig,"Restaurants, Italian",Toronto,11:30-23:0,11:30-23:0,9:0-23:0,9:0-23:0,11:30-23:0,11:30-23:0,11:30-23:0,43.6514245,-79.41035090000001,La Palma,Little Italy,M6J 1V6,86,4.0,ON,False,False,False,False,False,False,False,False,False,False,True,True,False,False,False,True,False,False,False,3 days 13:30:00.000000000,0.0,5.0,2.0,,,,,,,,,,,,,,,True,False,False,False,False,False,False,False,False,False,True,False,False,False,False,True,False,True,False,9.0,7.0,70.0
530 Eglinton Avenue W,True,True,,,False,,True,True,,True,True,True,True,,_lW7i2zGl54a6XtumbtZFQ,"Canadian (New), Italian, Restaurants",Toronto,17:0-22:0,17:0-22:0,17:0-22:0,17:0-22:0,17:0-22:0,17:0-22:0,17:0-22:0,43.7035934,-79.414273,Doppio Zero,,M5N 2K5,25,3.0,ON,False,False,False,False,False,False,False,False,False,False,False,True,False,False,False,True,False,False,False,1 days 11:00:00.000000000,0.0,5.0,2.0,,,,,,,,,,,,,,,True,False,False,False,False,False,True,False,False,True,False,False,False,False,False,True,False,True,False,6.0,5.0,14.0
240 Annette Street,True,True,False,,False,,False,False,False,False,True,True,True,False,8UiPh7jaIqT_Dm8Qt_9frA,"Pizza, Restaurants, Tapas Bars, Salad, Italian",Toronto,17:0-23:0,,17:0-23:0,,17:0-22:0,17:0-22:0,17:0-22:0,43.662542647799995,-79.4711279869,Annette Food Market,The Junction,M6P 1R1,54,4.0,ON,False,True,False,True,False,False,False,False,False,False,False,True,False,False,False,True,False,True,False,,,,,,,,,,,,,,,,,,,True,False,False,False,False,False,False,True,False,True,False,False,False,False,False,True,False,True,False,6.0,6.0,42.0
1580 Bayview Avenue,True,True,True,,True,,False,True,False,True,True,True,True,True,ES8JP18I4sz72HEAWjk_KQ,"Restaurants, Italian",Toronto,11:0-22:0,11:0-22:0,11:0-22:0,11:0-22:0,11:0-22:0,11:0-22:0,11:0-22:0,43.7056914,-79.375337,Vero Trattoria,Mount Pleasant and Davisville,M4G 3B7,21,2.5,ON,False,False,False,False,False,False,False,False,False,False,False,True,False,False,False,True,False,False,False,3 days 05:00:00.000000000,0.0,5.0,2.0,,,,,,,,,,,,,,,True,False,False,False,False,False,False,True,False,False,False,False,True,False,False,True,False,True,False,7.0,2.0,12.0
709 Mount Pleasant Road,,True,,,True,,False,False,False,True,True,True,False,True,5vwA-2fU7A_QY7MqLeHQCg,"Italian, Restaurants",Toronto,,,,,,,,43.706607899999995,-79.3894361,Camerini Ristorante,Mount Pleasant and Davisville,M4S 2N4,5,5.0,ON,False,False,False,False,False,False,False,False,False,False,False,False,False,False,False,True,False,False,False,,,,,,,,,,,,,,,,,,,True,False,False,False,False,False,False,True,False,False,False,True,False,False,False,True,False,True,False,,1.0,4.0
40 Wellington Street E,True,True,False,,False,,False,False,False,True,True,True,True,True,MWTiyj9BY21GSOwYqLkpcQ,"Restaurants, Italian",Toronto,17:30-22:0,17:30-22:0,17:30-22:0,,12:0-14:30,17:30-22:0,17:30-22:0,43.6484769,-79.3749505,Bravi Ristorante,St. Lawrence,M5E 1C7,18,3.5,ON,False,False,False,False,False,False,False,False,False,False,False,True,False,False,False,True,False,False,False,,0.0,4.0,,,,,,,,,,,,,,,,True,False,False,False,False,False,True,False,False,False,False,True,False,False,False,True,False,False,True,2.0,4.0,12.0
3 Charles St E,,True,,,False,,,True,False,True,True,True,True,True,PhdbEJEHGLtKs-nSFM3Kxg,"Italian, Restaurants",Toronto,,,,,,,,43.6686389,-79.3857064,Black Skirt,Church-Wellesley Village,M4Y 1R9,3,2.5,ON,,,,,,,,,False,False,False,False,False,False,False,False,False,False,False,,,,,,,,,,,,,,,,,,,True,False,False,False,False,False,False,False,False,False,False,False,False,False,False,True,False,True,False,1.0,,2.0
49 Karl Fraser Road,True,True,False,,True,,True,True,False,True,True,True,True,True,OBG1j517k7aZRNC1HAL0TA,"Pizza, Mediterranean, Restaurants, Italian, Seafood, Breakfast & Brunch",Toronto,11:30-0:0,11:30-22:0,11:30-0:0,11:30-22:0,11:30-23:0,11:30-22:0,11:30-22:0,43.7366198,-79.3446503,Fabbrica,,M3C 0E5,183,3.5,ON,False,False,False,False,False,True,False,False,False,False,False,True,False,False,True,True,False,False,False,3 days 06:30:00.000000000,0.0,5.0,2.0,,,,,,,,,,,,,,,True,False,False,False,False,False,True,False,False,True,False,False,False,False,False,True,False,True,False,26.0,24.0,133.0
832 Dundas Street W,True,True,,,False,,False,False,False,True,True,True,False,True,oJSa5HCiZXKLXxggQmecEQ,"Tapas/Small Plates, Italian, Restaurants",Toronto,18:0-23:0,18:0-22:0,18:0-23:0,18:0-22:0,18:0-23:0,18:0-22:0,18:0-22:0,43.651712200000006,-79.40949930000001,Campagnolo,Little Italy,M6J 1V3,202,4.0,ON,False,False,False,False,False,True,False,False,False,False,False,True,False,False,False,True,False,False,False,1 days 07:00:00.000000000,0.0,5.0,2.0,,,,,,,,,,,,,,,True,False,False,False,False,False,False,True,False,True,False,False,False,False,False,True,False,True,False,12.0,13.0,177.0
3353 Yonge Street,False,True,True,False,False,True,False,False,False,True,True,True,True,True,mRrgBIT8vsYdI3YSfzCQhg,"Food, Nightlife, Restaurants, Brasseries, Bars, French, Italian, Coffee & Tea, Canadian (New), Comfort Food",Toronto,17:0-22:0,17:0-22:0,17:0-22:0,,17:0-22:0,17:0-22:0,17:0-22:0,43.7314893,-79.4036005,The Monkey Bar,,M4N 2M6,34,4.0,ON,False,False,False,False,False,True,False,False,True,False,False,False,False,False,False,True,False,False,False,,0.0,5.0,,False,False,False,True,True,True,False,False,True,False,False,False,False,False,True,False,False,False,True,False,False,True,False,False,False,True,False,False,False,True,False,True,False,5.0,3.0,26.0
633 King Street W,True,True,,,False,True,False,False,False,True,True,True,True,,2i0dDzxLuQQAwzxDZVR-1g,"Italian, Nightlife, Restaurants, Bakeries, Coffee & Tea, Bars, Food",Toronto,8:0-23:0,8:0-23:0,8:0-23:0,8:0-23:0,8:0-23:0,8:0-23:0,8:0-23:0,43.6439175,-79.4016289,Oretta,,M5V 1M5,126,3.5,ON,False,False,False,False,False,True,False,False,False,False,False,True,False,False,False,True,False,False,False,4 days 09:00:00.000000000,5.0,5.0,2.0,False,False,False,True,True,True,False,False,True,False,False,False,False,False,True,False,False,False,True,False,True,False,False,True,False,False,False,False,False,True,False,False,True,9.0,11.0,106.0
1317 St Clair Avenue West,True,True,True,,True,,False,False,False,True,True,True,True,False,UpmAfOoh6WTF9g6AH-6ofA,"Restaurants, Italian",Toronto,18:0-23:0,,18:0-23:0,,18:0-23:0,18:0-23:0,18:0-23:0,43.67641029999999,-79.4487979,La Bruschetta Restaurant,Corso Italia,M6E 1C2,29,4.0,ON,False,False,False,False,False,False,False,False,False,False,False,True,False,False,False,True,False,False,False,,,,,,,,,,,,,,,,,,,True,False,False,False,False,False,False,True,False,True,False,False,False,False,False,True,False,True,False,2.0,2.0,25.0
522 King Street W,True,True,False,False,False,True,False,True,False,True,True,True,True,True,oKZPgeCOxnVSxudYcn1OtQ,"Italian, Wine Bars, Restaurants, Bars, Nightlife, Food",Toronto,11:30-2:0,11:30-0:0,11:30-2:0,11:30-0:0,11:30-2:0,11:30-0:0,11:30-0:0,43.645081700000006,-79.3974485,Cibo Wine Bar,,M5V 1L7,270,3.5,ON,False,False,False,False,False,True,False,False,False,False,False,True,False,False,True,True,False,True,True,3 days 21:30:00.000000000,0.0,5.0,2.0,False,False,False,True,True,True,False,False,True,False,False,False,False,False,True,False,False,True,False,False,False,True,False,True,False,False,False,False,False,True,False,True,False,37.0,36.0,197.0
45 Colborne Street,False,True,False,,False,,False,False,False,True,True,True,True,False,UWupVhvb1qWZh8rNowJliQ,"Canadian (New), French, Restaurants, Italian",Toronto,11:30-23:0,11:30-23:0,17:0-23:0,,11:30-23:0,11:30-23:0,11:30-23:0,43.6489963,-79.37503240000001,Woods Restaurant & Bar,St. Lawrence,M5E 1E3,68,4.0,ON,False,False,True,False,False,False,False,False,False,False,False,True,False,False,True,True,False,True,False,,0.0,5.0,,,,,,,,,,,,,,,,True,False,False,False,False,False,True,False,False,False,False,True,False,False,False,True,False,False,True,5.0,1.0,62.0
2150 Yonge Street,True,True,,,False,,False,False,False,True,True,True,,True,XH2TZmZt6gzHHpjqk8C6pg,"Italian, Restaurants",Toronto,17:30-22:0,17:30-22:0,17:30-22:0,17:0-21:30,17:30-22:0,17:30-22:0,17:30-22:0,43.7037349,-79.3979305,Zucca Trattoria,Mount Pleasant and Davisville,M4S 2A8,44,3.5,ON,True,False,True,False,False,False,False,False,False,False,False,True,False,False,False,True,False,False,False,1 days 07:30:00.000000000,0.0,5.0,2.0,,,,,,,,,,,,,,,True,False,False,False,False,False,False,False,False,True,False,False,False,False,False,True,False,False,True,4.0,4.0,36.0
319 King Street W,False,True,,,False,,False,True,False,True,True,True,True,False,WoXBfzGHcL3x6ME-X06qhA,"Italian, Restaurants",Toronto,11:30-22:0,11:30-22:0,17:0-22:0,,11:30-22:0,11:30-22:0,11:30-22:0,43.646092700000004,-79.39079129999999,La Fenice,Entertainment District,M5V 1J5,39,3.5,ON,False,True,False,False,False,False,False,False,False,False,False,True,False,False,False,False,False,False,False,,0.0,5.0,,,,,,,,,,,,,,,,True,False,False,False,False,False,False,True,False,False,False,True,False,False,False,True,False,False,True,5.0,2.0,32.0
3239 Yonge Street,True,True,,,True,,False,True,True,True,True,True,True,True,cDz_5MwEZV1LIkJiIFDpoQ,"Restaurants, Italian, Pizza",Toronto,11:0-23:0,,12:0-0:0,12:0-0:0,11:0-23:0,11:0-23:0,11:0-23:0,43.7288719,-79.40284190000001,Trio Ristorante and Pizzeria,,M4N 2T5,33,3.5,ON,False,False,True,False,False,False,False,False,False,False,False,True,False,False,False,True,False,False,False,,,,2.0,,,,,,,,,,,,,,,True,False,False,False,False,False,False,False,False,False,False,True,False,False,False,True,False,False,True,6.0,1.0,26.0
1710 Queen Street W,True,True,True,False,False,False,False,False,False,False,True,True,False,False,sHnN3JliwVWvGX76Odmlbw,"Italian, Nightlife, Wine Bars, Restaurants, Canadian (New), American (New), Bars",Toronto,18:0-23:0,18:0-22:0,18:0-23:0,18:0-22:0,18:0-23:0,18:0-22:0,18:0-22:0,43.6389877,-79.44512850000001,Local Kitchen & Winebar,Parkdale,M6N,66,4.0,ON,False,True,False,False,False,False,False,True,False,False,False,True,False,False,False,True,False,False,False,1 days 07:00:00.000000000,0.0,5.0,2.0,,,,,,,,False,True,False,False,False,False,False,True,False,False,False,True,False,True,False,False,True,False,False,False,False,False,True,False,True,False,3.0,5.0,58.0
3827 Bathurst Street,True,True,True,,True,,False,False,False,True,True,True,True,,aY0Y058p2_iWxMAZron2mg,"Italian, Restaurants",Toronto,17:30-23:0,17:30-21:30,17:30-23:30,17:30-21:30,17:30-23:0,17:30-22:0,17:30-22:0,43.7397281,-79.4342103,Paese,,M3H 3N1,48,4.0,ON,False,False,False,False,False,False,False,False,False,False,False,True,False,False,False,False,False,True,False,1 days 10:00:00.000000000,0.0,5.0,2.0,,,,,,,,,,,,,,,True,False,False,False,False,False,False,True,False,True,False,False,False,False,False,True,False,False,True,4.0,4.0,40.0
120 Avenue Road,True,True,True,,False,,False,False,False,True,True,True,False,,u71djaZjecGVU1MqMevQ4g,"Italian, Restaurants",Toronto,12:0-15:0,17:0-23:0,12:0-15:0,17:0-23:0,12:0-15:0,17:0-23:0,17:0-23:0,43.673731700000005,-79.396524,Ristorante Sotto Sotto,The Annex,M5R 2H4,70,4.0,ON,False,False,False,False,False,False,False,False,False,False,False,True,False,False,False,False,False,False,True,1 days 09:00:00.000000000,0.0,3.0,2.0,,,,,,,,,,,,,,,True,False,False,False,False,False,False,True,False,True,False,False,False,False,False,True,False,False,True,12.0,3.0,55.0
1288 Dundas St W,True,True,False,,False,,False,True,False,True,True,True,True,False,3glVZZh_vyZH1VvPU0307A,"Restaurants, Italian",Toronto,17:0-23:0,17:0-23:0,17:0-23:0,17:0-23:0,17:0-23:0,17:0-23:0,17:0-23:0,43.649582200000005,-79.4256294,Enoteca Sociale,Little Portugal,M6J 1X7,272,4.0,ON,False,False,False,False,False,False,False,False,False,False,False,True,False,False,False,True,False,False,False,1 days 18:00:00.000000000,0.0,5.0,2.0,,,,,,,,,,,,,,,True,False,False,False,False,False,False,True,False,True,False,False,False,False,False,True,False,True,False,16.0,12.0,244.0
595 College Street,True,True,,,False,False,True,True,True,True,True,True,True,,va7QuRicUp1Klt5dyCR7mg,"Italian, Bars, Restaurants, Wine Bars, Nightlife",Toronto,17:0-2:0,17:0-0:0,17:0-2:0,10:0-2:0,17:0-2:0,17:0-0:0,17:0-2:0,43.6550285,-79.41371009999999,Sotto Voce Wine & Pasta Bar,Little Italy,M6G 1B2,25,4.0,ON,False,False,False,False,False,False,False,False,False,False,False,True,False,False,True,True,False,False,False,2 days 18:00:00.000000000,0.0,5.0,2.0,True,False,False,True,False,False,False,True,True,False,False,False,False,False,True,False,False,False,True,False,True,False,False,False,False,False,True,False,False,True,False,True,False,4.0,2.0,19.0
25 Bellair Street,True,True,True,,True,,True,True,False,True,True,True,True,False,8ZaaUqIp_h__jUIoPfuVKA,"Italian, Restaurants",Toronto,12:0-0:0,12:0-0:0,12:0-0:0,12:0-0:0,12:0-0:0,12:0-0:0,12:0-0:0,43.670751700000004,-79.390998,Vaticano,Yorkville,M5R 3L3,48,3.5,ON,False,False,True,False,False,False,False,False,False,False,True,True,False,False,False,True,False,False,False,3 days 12:00:00.000000000,0.0,5.0,2.0,,,,,,,,,,,,,,,True,False,False,False,False,False,False,True,False,False,False,True,False,False,False,True,False,True,False,9.0,3.0,36.0
106 Front St E,True,True,True,,True,,True,True,False,True,True,True,True,True,kpZ2vPjkHfee4pCLC05tfg,"Restaurants, Food, Italian, Desserts, Pizza",Toronto,11:0-23:0,17:0-23:0,11:0-23:0,11:0-23:0,17:0-23:0,17:0-23:0,17:0-23:0,43.6498422,-79.37036540000001,Paganelli's,St. Lawrence,M5A 1E1,55,3.5,ON,False,False,False,False,False,False,False,True,False,False,False,True,False,False,False,True,False,True,False,2 days 12:00:00.000000000,0.0,5.0,2.0,,,,,,,,,,,,,,,True,False,False,False,False,False,True,False,False,True,False,False,False,False,False,True,False,True,False,10.0,5.0,40.0
2277 Bloor Street W,True,True,False,,True,,False,True,True,True,True,True,True,True,FYWbBFMAoIKuQlbUcBa9Zw,"Gluten-Free, Italian, Vegetarian, Restaurants",Toronto,11:30-22:30,11:30-21:0,10:30-22:30,10:30-21:0,11:30-22:0,11:30-21:0,11:30-21:0,43.650636299999995,-79.4786412,Villa Restaurant,Bloor-West Village,M6S 1P1,37,3.0,ON,False,False,False,False,False,False,False,True,False,False,False,True,False,False,False,True,False,False,False,3 days 00:30:00.000000000,0.0,5.0,2.0,,,,,,,,,,,,,,,True,False,False,False,False,False,True,False,False,True,False,False,False,False,False,True,False,True,False,6.0,5.0,26.0
587 King Street W,,True,True,,False,,True,True,False,True,True,True,True,True,Ehl4wwFZnB6WhiHt-0tIwA,"Canadian (New), Restaurants, Italian, American (New)",Toronto,,,,,,,,43.6443463865,-79.40018612729999,Kiwe Kitchen,,M5V 1M5,21,3.0,ON,False,False,False,False,False,False,False,False,False,False,False,True,False,False,False,True,False,False,False,,,,,,,,,,,,,,,,,,,True,False,False,False,False,False,False,False,False,True,False,False,False,False,False,True,False,False,True,4.0,4.0,13.0
797 College Street,,True,,,False,,False,False,False,True,True,True,True,True,7zuWSun5F8Jv2N_IFD_ERg,"Restaurants, Italian",Toronto,17:0-23:0,,17:0-23:0,17:0-23:0,17:0-23:0,17:0-23:0,17:0-23:0,43.6547102687,-79.4208085465,Grappa Ristorante,Bickford Park,M6G 1C7,9,3.5,ON,False,False,False,False,False,False,False,False,False,False,False,True,False,False,False,True,False,False,False,,,,2.0,,,,,,,,,,,,,,,True,False,False,False,False,False,False,True,False,True,False,False,False,False,False,True,False,True,False,2.0,,7.0
364 Adelaide Street W,True,True,,,False,False,False,False,False,True,True,True,False,True,C16ogi6ASv-sQW3SGScmNQ,"Bars, Italian, Beer Bar, Nightlife, Restaurants, Wine Bars",Toronto,17:0-22:0,17:0-22:0,17:0-22:0,,17:0-22:0,17:0-22:0,17:0-22:0,43.647398100000004,-79.39392690000001,Tutti Matti Restaurant,Entertainment District,M5V 1R7,76,3.5,ON,False,False,False,False,False,False,False,False,False,False,False,True,False,False,False,True,False,False,False,,0.0,5.0,,,,,,,,,False,True,False,False,False,False,False,True,False,False,False,False,False,False,False,False,True,False,False,False,False,False,True,False,True,False,11.0,8.0,57.0
1393 Lawrence Avenue W,,True,True,,True,,False,False,True,False,False,False,True,,Xq9SvfRq_PBr8ma6vwh_Mw,"Italian, Restaurants, Pizza, Chicken Wings",Toronto,11:0-3:0,11:0-2:0,11:0-3:0,11:0-2:0,11:0-3:0,11:0-2:0,11:0-2:0,43.7084148,-79.47588420000001,Pizza Pizza,,M6L 1A4,4,3.0,ON,False,False,False,False,False,False,False,False,False,False,False,False,False,False,False,False,False,False,False,4 days 12:00:00.000000000,0.0,5.0,2.0,,,,,,,,,,,,,,,False,False,False,False,False,False,True,False,False,False,True,False,False,False,False,True,False,True,False,2.0,1.0,1.0
875 Queen Street W,True,True,False,,False,,False,True,False,True,True,True,False,True,ZS3l1Q7InA5h4R8nMcFRwg,"Italian, Restaurants",Toronto,11:30-14:30,18:0-23:0,11:30-14:30,17:0-22:0,11:30-14:30,17:0-23:0,17:0-23:0,43.6455613,-79.4113521,Noce Restaurant,Niagara,M6J 1G5,48,4.0,ON,False,False,False,False,False,False,False,False,False,False,False,True,False,False,False,True,False,False,False,1 days 07:00:00.000000000,0.0,3.0,2.0,,,,,,,,,,,,,,,True,False,False,False,False,False,False,True,False,True,False,False,False,False,False,True,False,False,True,4.0,5.0,39.0
1220 Queen Street E,True,True,False,,False,,False,False,False,True,True,True,False,True,3qTSOuJ-ZyU1L7o62KHSIg,"Italian, Tapas/Small Plates, Restaurants, Hot Dogs",Toronto,18:0-23:0,18:0-23:0,18:0-23:0,,18:0-23:0,18:0-23:0,18:0-23:0,43.6633353362,-79.3304189287,Gio Rana's Really Really Nice Restaurant,Leslieville,M4M 1L7,176,4.0,ON,False,False,False,False,False,False,False,False,False,False,False,True,False,False,False,True,False,False,False,,0.0,5.0,,,,,,,,,,,,,,,,True,False,False,False,False,False,False,True,False,False,True,False,False,False,False,True,False,True,False,9.0,9.0,158.0
12 Amelia Street,True,True,,,True,,False,True,False,True,True,True,True,,MLQeuiL9rqOq_rDKGEcU0A,"Pizza, Italian, Restaurants",Toronto,17:0-23:0,17:0-22:0,17:0-23:0,17:0-23:0,17:0-23:0,17:0-23:0,17:0-23:0,43.6674629,-79.36859399999999,F'Amelia,Cabbagetown,M4X 1E1,96,3.5,ON,False,False,False,False,False,False,False,False,False,False,False,True,False,False,False,True,False,False,False,1 days 17:00:00.000000000,0.0,5.0,2.0,,,,,,,,,,,,,,,True,False,False,False,False,False,False,True,False,True,False,False,False,False,False,True,False,True,False,5.0,8.0,83.0
55 Mill Street,True,True,False,True,False,True,False,True,False,True,True,True,False,True,9UX9_Vec2gxrrHvBjdzXgQ,"Italian, Restaurants, Nightlife, Canadian (New), Wine Bars, Bars",Toronto,12:0-0:0,12:0-22:0,17:0-0:0,17:0-22:0,12:0-0:0,12:0-22:0,12:0-22:0,43.6497181,-79.3593,Tappo Wine Bar & Restaurant,Distillery District,M5A 3C4,89,3.0,ON,True,False,False,False,False,False,False,False,False,False,False,True,False,False,False,True,False,False,False,2 days 18:00:00.000000000,0.0,5.0,2.0,False,False,True,False,True,True,False,False,True,False,False,False,False,False,True,False,False,True,False,False,False,True,False,True,False,False,False,False,False,True,False,False,True,13.0,10.0,66.0
19 Mercer Street,True,True,True,,False,,False,False,False,True,True,True,True,False,oMcKvfNGX2HleFxYg1VGqg,"Italian, Restaurants",Toronto,17:0-3:0,,17:0-3:0,,17:0-23:30,17:0-23:30,17:0-23:30,43.6456871,-79.39049320000001,Buonanotte,Entertainment District,M5V 1H2,67,2.0,ON,False,False,False,False,False,True,False,False,False,True,False,True,False,False,False,True,False,False,False,,,,,,,,,,,,,,,,,,,True,False,False,False,False,False,True,False,False,False,True,False,False,False,False,True,False,False,True,20.0,11.0,37.0
243 King Street E,False,,True,,False,,False,False,False,True,True,True,True,,oE1EuKY2GmpfIiSGy3YmGw,"Pizza, Seafood, Italian, Restaurants",Toronto,17:0-0:0,17:0-23:0,17:0-0:0,17:0-23:0,17:0-23:0,17:0-23:0,17:0-23:0,43.651141700000004,-79.36847009999998,Ardo Restaurant,Corktown,M5A 1J9,64,3.5,ON,False,True,False,False,False,False,False,False,False,False,False,True,False,False,False,True,False,False,False,1 days 20:00:00.000000000,0.0,5.0,2.0,,,,,,,,,,,,,,,True,False,False,False,False,False,False,True,False,True,False,False,False,False,False,True,False,True,False,11.0,7.0,46.0
17 Yorkville Ave,True,,False,True,False,False,False,False,False,True,True,True,False,,CNPnbJlMmCx08geOvDmH7A,"Bars, Lounges, Italian, Restaurants, Nightlife",Toronto,17:30-1:0,17:30-23:30,17:30-1:0,17:0-23:0,17:30-0:0,17:30-23:30,17:30-23:30,43.6716078105,-79.3884385005,Blu restaurante,Yorkville,M4W,107,4.0,ON,True,True,True,False,False,False,False,False,False,False,False,True,False,False,False,False,False,False,False,1 days 21:30:00.000000000,0.0,5.0,2.0,False,False,False,True,True,True,False,False,False,False,False,False,False,False,True,False,False,False,True,False,False,True,False,True,False,False,False,False,False,True,False,False,True,8.0,5.0,94.0
25 York Street,True,True,False,,False,,False,True,False,True,True,True,False,,2-0Z3UeQZ_Mx98m8Dv3oeQ,"Italian, Restaurants",Toronto,11:30-22:0,11:30-22:0,17:0-22:0,,11:30-22:0,11:30-22:0,11:30-22:0,43.64341689689999,-79.3805038909,Aria Ristorante,,M5J,71,3.0,ON,False,False,False,False,False,False,True,False,False,False,False,True,False,False,False,False,False,False,False,,0.0,5.0,,,,,,,,,,,,,,,,True,False,False,False,False,False,False,True,False,True,False,False,False,False,False,True,False,False,True,20.0,12.0,39.0
3047 Dundas Street W,True,True,,False,False,False,False,False,False,True,True,True,False,,LOEZ8zDGly7s-laA1OBIEw,"Nightlife, Italian, Bars, Wine Bars, Restaurants",Toronto,,,,,,,,43.6654815,-79.4709996,Bricco Wine Bar,The Junction,M6P,48,3.5,ON,False,False,False,False,False,False,False,False,False,False,False,True,False,False,False,True,False,False,False,,,,,False,False,False,True,True,True,False,False,True,False,False,False,False,False,True,False,False,False,True,False,False,False,False,True,False,False,False,False,False,True,False,True,False,6.0,6.0,36.0
640 College Street,True,True,,,False,,True,True,False,True,True,True,True,True,-b-waFIsc6BJdXWOJMRKEQ,"Restaurants, Italian",Toronto,17:0-0:0,,17:0-0:0,17:0-22:0,17:0-22:0,17:0-22:0,17:0-22:0,43.655076405699994,-79.4154641032,Marinellas Italian Restaurant,Bickford Park,M5V 2E8,114,4.5,ON,False,False,False,False,False,False,False,True,False,False,False,True,False,False,False,True,False,False,False,,,,2.0,,,,,,,,,,,,,,,True,False,False,False,False,False,True,False,False,True,False,False,False,False,False,True,False,True,False,3.0,6.0,105.0
100 King Street W,True,True,False,,False,,False,True,False,True,True,True,True,True,By2DQwaG2EiOxsuHnS8FoA,"Italian, American (New), Restaurants",Toronto,11:30-0:0,11:30-0:0,,,11:30-0:0,11:30-0:0,11:30-0:0,43.648636200000006,-79.3817439,Vertical Restaurant & Bar,Financial District,M5X 1E1,33,4.0,ON,False,False,False,False,False,False,False,False,False,False,False,True,False,False,False,False,True,False,False,,0.0,5.0,,,,,,,,,,,,,,,,True,False,False,False,False,False,True,False,False,False,False,True,False,False,False,True,False,False,True,3.0,4.0,26.0
577 College Street,True,True,False,,False,,False,True,False,True,True,True,False,False,TLMysu1mWiLEslCBon5W1g,"Restaurants, Italian, Canadian (New), Modern European",Toronto,17:0-2:0,17:0-2:0,17:0-2:0,17:0-2:0,17:0-2:0,17:0-2:0,17:0-2:0,43.6552003,-79.4130828,Sidecar,Little Italy,M6G 1B2,222,4.0,ON,False,False,False,False,False,False,False,False,False,False,False,True,False,False,False,True,False,False,False,2 days 15:00:00.000000000,0.0,5.0,2.0,,,,,,,,,,,,,,,True,False,False,False,False,False,False,True,False,True,False,False,False,False,False,True,False,True,False,12.0,15.0,195.0
585 College Street,,,,,True,,,,False,True,True,,False,,_MOZSg1ajEvkubHXM3aDFg,"Italian, Tapas/Small Plates, Nightlife, Restaurants, Bars, Wine Bars",Toronto,17:30-23:0,17:30-22:0,17:0-23:0,17:0-22:0,17:30-23:0,17:30-22:0,17:30-22:0,43.6551659159,-79.413312301,Il Covo,Little Italy,M6G 1B2,18,4.0,ON,False,False,False,False,False,False,False,False,,,,,,,False,False,False,False,False,1 days 11:30:00.000000000,0.0,5.0,2.0,,,,,,,,,,,,,,,False,False,False,False,False,False,False,True,False,False,False,False,False,False,False,True,False,False,False,1.0,1.0,16.0
53 Clinton St,,True,,,False,,,True,False,True,True,True,True,False,17YCQTKmq4D5sMMaY1EbqQ,"Restaurants, Italian",Toronto,17:30-23:30,,17:30-23:30,,17:30-23:0,,17:30-23:0,43.6556662,-79.4138811,Olivia's At Fifty-Three,Palmerston,M6G 2Y4,7,4.0,ON,,,,,,,,,False,False,False,False,False,False,False,False,False,False,False,,,,,,,,,,,,,,,,,,,True,False,False,False,False,False,False,False,False,False,False,False,False,False,False,True,False,True,False,1.0,1.0,5.0
664 The Queensway,False,True,,,True,,False,False,False,True,True,True,True,,9Jn6MJZMz2R6rcszqmXDqg,"Italian, Restaurants",Toronto,17:0-23:0,17:0-23:0,17:0-23:0,,17:0-23:0,17:0-23:0,17:0-23:0,43.62750379999999,-79.4983385,Luci Restaurant,Etobicoke,M8Y 1K6,39,4.0,ON,True,False,True,False,False,False,False,False,False,False,False,True,False,False,False,True,False,False,False,,0.0,5.0,,,,,,,,,,,,,,,,True,False,False,False,False,False,False,True,False,True,False,False,False,False,False,True,False,False,True,1.0,1.0,36.0
390 Roncesvalles Avenue,,True,,,False,,False,False,False,True,True,True,True,,0txNpCq2YunZSL7jHIiGlA,"Restaurants, Italian, French",Toronto,17:0-22:0,,17:0-22:0,,17:0-22:0,17:0-22:0,17:0-22:0,43.6508821,-79.45084920000001,Lardon Restaurant,Roncesvalles,M6R 2M9,19,4.0,ON,False,False,True,False,False,False,False,False,False,False,False,True,False,False,False,True,False,False,False,,,,,,,,,,,,,,,,,,,True,False,False,False,False,False,False,True,False,True,False,False,False,False,False,True,False,True,False,,2.0,17.0
